patient_id,age,gender,income_level,adherence_score,is_non_adherent,predicted_non_adherent,prediction_probability,prediction_confidence,correct_prediction
P04120,39,Male,High,89.7,False,0,0.004970260706123528,0.9950297392938765,True
P03210,61,Female,Middle,62.0,True,1,0.9690955871233432,0.9690955871233432,True
P00605,61,Female,Low,80.7,False,0,0.009098700882205435,0.9909012991177946,True
P01672,49,Female,Low,69.7,True,1,0.9534699002943644,0.9534699002943644,True
P03290,50,Male,High,97.6,False,0,0.00478314818222181,0.9952168518177782,True
P01497,85,Other,Low,59.8,True,1,0.9533090583569316,0.9533090583569316,True
P02535,48,Other,Middle,84.7,False,0,0.01061175951088576,0.9893882404891142,True
P03109,61,Female,Middle,68.3,True,1,0.9685204219932295,0.9685204219932295,True
P00736,62,Female,Middle,100.0,False,0,0.003920492697152927,0.9960795073028471,True
P00758,57,Male,High,100.0,False,0,0.004599547101128614,0.9954004528988714,True
P02125,55,Female,Middle,94.7,False,0,0.004787339322187608,0.9952126606778124,True
P00873,34,Male,Low,86.8,False,0,0.007913536286368143,0.9920864637136318,True
P02746,50,Male,High,94.1,False,0,0.006108339574920164,0.9938916604250798,True
P03252,59,Female,Middle,68.9,True,1,0.9374410906542414,0.9374410906542414,True
P02375,71,Other,Middle,60.1,True,1,0.9733752846384982,0.9733752846384982,True
P01271,71,Female,Low,47.6,True,1,0.9865611222814296,0.9865611222814296,True
P01347,18,Other,Middle,71.0,False,0,0.03978331202045329,0.9602166879795467,True
P03955,46,Other,Middle,86.0,False,0,0.011477490418131545,0.9885225095818685,True
P00751,41,Male,Middle,72.5,False,0,0.03491543387903499,0.965084566120965,True
P04708,47,Other,Low,71.8,False,0,0.04429394554216849,0.9557060544578315,True
P01302,69,Female,Middle,81.3,False,0,0.011758102037445163,0.9882418979625548,True
P00301,42,Male,High,94.9,False,0,0.0046010541611719215,0.995398945838828,True
P03638,60,Female,Middle,87.5,False,0,0.00778066208765984,0.9922193379123402,True
P00766,44,Other,Middle,100.0,False,0,0.003702218806501935,0.9962977811934981,True
P01184,31,Male,Middle,100.0,False,0,0.004680212584234657,0.9953197874157653,True
P03940,43,Male,High,76.9,False,0,0.017840436964145185,0.9821595630358548,True
P02065,58,Other,Middle,73.2,False,0,0.062399003620405506,0.9376009963795945,True
P01078,48,Male,Middle,67.7,True,1,0.9258348517751462,0.9258348517751462,True
P00231,44,Other,Low,66.2,True,1,0.9631750944541188,0.9631750944541188,True
P04254,38,Female,Middle,93.0,False,0,0.004003850735655792,0.9959961492643442,True
P01245,45,Male,Middle,87.6,False,0,0.007111490987496149,0.9928885090125038,True
P00540,46,Female,Low,52.7,True,1,0.9891567228523266,0.9891567228523266,True
P00984,54,Female,Low,74.6,False,0,0.04390322361682877,0.9560967763831713,True
P00267,79,Male,Middle,82.1,False,0,0.010506037921860674,0.9894939620781393,True
P03277,72,Other,High,61.3,True,1,0.9767964865045495,0.9767964865045495,True
P03911,33,Other,Middle,69.2,True,1,0.9558610816929813,0.9558610816929813,True
P01403,72,Male,High,60.6,True,1,0.9842487912884663,0.9842487912884663,True
P03922,58,Male,Middle,75.6,False,0,0.027671839426537018,0.9723281605734629,True
P04723,55,Female,Middle,76.1,False,0,0.026564952353597304,0.9734350476464027,True
P01881,69,Other,Middle,100.0,False,0,0.004291949555060427,0.9957080504449396,True
P00602,41,Other,Middle,80.9,False,0,0.011018721952343807,0.9889812780476562,True
P03368,57,Male,Middle,71.0,False,0,0.06535212972377598,0.934647870276224,True
P01792,56,Female,Low,53.8,True,1,0.9811838843979981,0.9811838843979981,True
P02234,68,Male,Low,75.9,False,0,0.017741831327952897,0.9822581686720471,True
P03769,64,Female,High,76.6,False,0,0.014061522049228092,0.9859384779507719,True
P03424,61,Other,Low,59.4,True,1,0.9751535625826855,0.9751535625826855,True
P00788,61,Other,Middle,60.6,True,1,0.9745156041407436,0.9745156041407436,True
P01967,52,Other,Low,64.5,True,1,0.934826401417281,0.934826401417281,True
P03437,63,Male,Middle,68.8,True,1,0.9584352369290036,0.9584352369290036,True
P02173,50,Male,Middle,84.0,False,0,0.009442986442394302,0.9905570135576057,True
P02384,54,Other,Middle,73.4,False,0,0.04648052963368664,0.9535194703663133,True
P01093,65,Female,Middle,82.8,False,0,0.007409764347056359,0.9925902356529437,True
P01732,49,Female,Middle,100.0,False,0,0.0035396220683176945,0.9964603779316823,True
P04264,50,Female,Middle,95.2,False,0,0.004884229810216268,0.9951157701897837,True
P02325,54,Other,Middle,62.4,True,1,0.979369045707189,0.979369045707189,True
P00930,54,Male,Middle,78.4,False,0,0.01806097242560539,0.9819390275743947,True
P01153,45,Male,Low,44.2,True,1,0.9866144022470515,0.9866144022470515,True
P00408,52,Female,Low,34.1,True,1,0.9929576223436188,0.9929576223436188,True
P02271,60,Other,Low,56.3,True,1,0.9809560304098776,0.9809560304098776,True
P01509,56,Female,Middle,93.3,False,0,0.006035670749794613,0.9939643292502054,True
P00639,35,Female,Middle,64.8,True,1,0.9698463205495655,0.9698463205495655,True
P00993,51,Other,High,89.0,False,0,0.007987352876169189,0.9920126471238309,True
P00002,52,Male,Low,50.1,True,1,0.9877121796419996,0.9877121796419996,True
P00410,62,Female,Middle,96.3,False,0,0.0051558172067405535,0.9948441827932595,True
P03823,54,Other,Middle,81.8,False,0,0.01613514586044841,0.9838648541395516,True
P04304,65,Male,High,60.7,True,1,0.9774322822754774,0.9774322822754774,True
P02286,61,Male,Middle,70.2,False,0,0.06271519331162409,0.9372848066883759,True
P02034,62,Male,Middle,85.0,False,0,0.010360231366137715,0.9896397686338623,True
P04944,44,Female,Middle,47.3,True,1,0.9842053836063926,0.9842053836063926,True
P03233,38,Female,Low,71.9,False,0,0.06407892735736115,0.9359210726426388,True
P01649,72,Female,Middle,100.0,False,0,0.004192195279748631,0.9958078047202513,True
P03029,47,Male,Middle,76.0,False,0,0.01341265714229705,0.986587342857703,True
P03522,18,Female,Low,55.9,True,1,0.9678931965142126,0.9678931965142126,True
P03155,39,Male,Middle,100.0,False,0,0.004233160531759648,0.9957668394682404,True
P04221,19,Other,High,62.6,True,1,0.9765602877247581,0.9765602877247581,True
P04883,42,Male,Low,86.5,False,0,0.0057549664018491245,0.9942450335981509,True
P04935,48,Male,Low,76.6,False,0,0.011268673960560294,0.9887313260394397,True
P02786,49,Male,Middle,81.3,False,0,0.0175761964873986,0.9824238035126014,True
P04613,76,Other,High,75.3,False,0,0.019206159002517587,0.9807938409974825,True
P03386,46,Other,High,70.9,False,0,0.07095630927928116,0.9290436907207188,True
P04216,63,Male,High,83.4,False,0,0.017141075064044654,0.9828589249359554,True
P02058,68,Male,Low,70.1,False,0,0.0788174854425982,0.9211825145574017,True
P03050,72,Male,Middle,60.6,True,1,0.9850939094145741,0.9850939094145741,True
P00572,80,Male,Middle,60.3,True,1,0.9688967380509691,0.9688967380509691,True
P04085,74,Other,Low,47.4,True,1,0.9699040526250688,0.9699040526250688,True
P02453,53,Other,Middle,68.4,True,1,0.958373233912555,0.958373233912555,True
P04255,58,Female,High,82.8,False,0,0.009757657434500612,0.9902423425654994,True
P02854,58,Male,Middle,72.1,False,0,0.036347004902482716,0.9636529950975172,True
P03385,71,Male,High,97.7,False,0,0.005121295042215066,0.994878704957785,True
P01769,56,Female,Middle,100.0,False,0,0.0049084762349546045,0.9950915237650454,True
P00130,47,Other,Middle,86.1,False,0,0.008727333939999266,0.9912726660600008,True
P02046,71,Other,Middle,87.3,False,0,0.009646941557467752,0.9903530584425323,True
P01263,63,Female,Middle,84.2,False,0,0.006324892592242686,0.9936751074077573,True
P01329,36,Male,Middle,100.0,False,0,0.0037486165632485166,0.9962513834367515,True
P01170,67,Other,Middle,100.0,False,0,0.004191730457908203,0.9958082695420918,True
P00142,74,Male,Low,47.6,True,1,0.9904205196883928,0.9904205196883928,True
P01478,61,Female,Middle,84.7,False,0,0.009592647629750947,0.990407352370249,True
P04205,56,Other,High,72.6,False,0,0.04307965961856449,0.9569203403814355,True
P00802,47,Male,Middle,95.3,False,0,0.004807279835785243,0.9951927201642148,True
P00562,86,Female,Low,42.5,True,1,0.9884276894299155,0.9884276894299155,True
P03831,51,Female,Low,47.0,True,1,0.9894347898231161,0.9894347898231161,True
P02333,32,Female,High,85.3,False,0,0.008922298964222673,0.9910777010357773,True
P04294,51,Other,Middle,86.7,False,0,0.009828885062427076,0.9901711149375729,True
P03751,46,Female,Low,67.5,True,1,0.9625328332026053,0.9625328332026053,True
P02565,41,Male,Middle,79.9,False,0,0.012924622850763415,0.9870753771492365,True
P01128,43,Male,Middle,74.0,False,0,0.03678277659177975,0.9632172234082202,True
P00453,40,Male,Middle,75.8,False,0,0.02370539382715066,0.9762946061728494,True
P01173,56,Female,Middle,76.2,False,0,0.01183116574516151,0.9881688342548385,True
P02945,59,Male,Low,73.0,False,0,0.04474319340097829,0.9552568065990217,True
P04526,72,Female,Low,69.4,True,1,0.9674856006692558,0.9674856006692558,True
P03547,65,Female,Middle,85.9,False,0,0.008725953954711327,0.9912740460452887,True
P00305,54,Other,Middle,91.7,False,0,0.006402569675051415,0.9935974303249486,True
P04174,40,Male,High,93.9,False,0,0.005924259391803881,0.9940757406081961,True
P04695,52,Other,High,67.9,True,1,0.9629414676071713,0.9629414676071713,True
P04295,73,Female,Middle,95.0,False,0,0.007169215409795862,0.9928307845902041,True
P02724,77,Female,Middle,70.8,False,0,0.06199085729784662,0.9380091427021534,True
P01538,47,Male,Middle,72.1,False,0,0.057254238033129165,0.9427457619668709,True
P03004,83,Female,High,62.2,True,1,0.9724276100787423,0.9724276100787423,True
P03089,25,Male,Low,64.9,True,1,0.9360493615021773,0.9360493615021773,True
P00398,75,Female,Middle,64.1,True,1,0.9800311584897611,0.9800311584897611,True
P04055,39,Female,Low,52.6,True,1,0.9779343094380935,0.9779343094380935,True
P04784,40,Female,Middle,67.6,True,1,0.9488398498863717,0.9488398498863717,True
P03548,76,Male,Middle,76.9,False,0,0.018104723301856643,0.9818952766981434,True
P02004,50,Female,Middle,78.4,False,0,0.013063498246443164,0.9869365017535568,True
P04027,43,Other,Low,67.6,True,1,0.9665392500307886,0.9665392500307886,True
P02914,66,Female,High,82.4,False,0,0.012873696961409619,0.9871263030385904,True
P03454,46,Female,Low,77.8,False,0,0.013958517771241043,0.986041482228759,True
P04241,27,Male,Low,80.4,False,0,0.013276999934847322,0.9867230000651527,True
P03904,40,Male,Middle,95.6,False,0,0.0033013293719817718,0.9966986706280182,True
P04006,63,Male,Low,74.8,False,0,0.0265971974211111,0.9734028025788889,True
P02723,39,Male,Middle,66.5,True,1,0.9496756260093004,0.9496756260093004,True
P04835,26,Other,Middle,79.2,False,0,0.023986222947584096,0.9760137770524159,True
P02499,66,Other,Low,58.1,True,1,0.9597161501281727,0.9597161501281727,True
P02815,82,Male,Low,77.8,False,0,0.009917358254283781,0.9900826417457163,True
P04795,52,Female,Low,70.0,False,0,0.042115586733408525,0.9578844132665915,True
P00846,62,Other,Middle,60.0,True,1,0.9784323744380613,0.9784323744380613,True
P00839,69,Other,Middle,100.0,False,0,0.004069451331497638,0.9959305486685024,True
P04273,34,Male,Middle,67.5,True,1,0.93464432309539,0.93464432309539,True
P00889,63,Female,Low,66.3,True,1,0.9238627058311661,0.9238627058311661,True
P02301,70,Female,High,100.0,False,0,0.002781061953999284,0.9972189380460007,True
P02532,41,Female,High,95.3,False,0,0.00669883070613263,0.9933011692938674,True
P01072,62,Female,High,98.5,False,0,0.004571434921684431,0.9954285650783156,True
P00279,56,Female,Middle,80.0,False,0,0.01678892966709057,0.9832110703329094,True
P04790,52,Other,Middle,85.6,False,0,0.008335158908565987,0.991664841091434,True
P00927,46,Other,Low,51.3,True,1,0.9679733349054951,0.9679733349054951,True
P04931,71,Other,Low,71.5,False,0,0.03582843360070179,0.9641715663992982,True
P03839,40,Female,Middle,94.3,False,0,0.0048487835119094425,0.9951512164880906,True
P03877,69,Other,Middle,86.7,False,0,0.0060752948101396404,0.9939247051898603,True
P02589,42,Male,Middle,56.8,True,1,0.9742224428780221,0.9742224428780221,True
P02661,37,Male,Low,58.9,True,1,0.9712808687885205,0.9712808687885205,True
P00960,61,Other,Middle,90.5,False,0,0.009208641859328341,0.9907913581406717,True
P00237,24,Other,Middle,72.7,False,0,0.04050558335089792,0.9594944166491021,True
P00770,82,Other,Middle,68.6,True,1,0.9358174636334501,0.9358174636334501,True
P03130,48,Other,Middle,63.7,True,1,0.962030676153613,0.962030676153613,True
P03036,61,Female,Low,87.2,False,0,0.007615656593482077,0.9923843434065179,True
P01597,64,Other,Middle,69.7,True,1,0.8892095367013549,0.8892095367013549,True
P03173,35,Other,High,97.9,False,0,0.005463172543618702,0.9945368274563813,True
P01267,53,Male,Middle,85.3,False,0,0.010649242901604761,0.9893507570983953,True
P00769,45,Female,Middle,86.7,False,0,0.0068953907487929655,0.993104609251207,True
P04420,21,Female,Low,46.3,True,1,0.9866360628603504,0.9866360628603504,True
P02993,56,Other,High,87.1,False,0,0.007861902718860024,0.99213809728114,True
P04764,60,Male,Low,79.8,False,0,0.014060805301650915,0.9859391946983491,True
P03111,37,Female,Middle,84.4,False,0,0.006052775920770016,0.99394722407923,True
P00378,57,Female,Middle,100.0,False,0,0.00258377345389187,0.9974162265461082,True
P04579,46,Male,High,87.9,False,0,0.009215071401982243,0.9907849285980178,True
P04129,43,Male,High,79.6,False,0,0.019198406506591048,0.9808015934934089,True
P04089,72,Male,Middle,73.8,False,0,0.037618249326869385,0.9623817506731306,True
P03361,37,Male,Middle,69.8,True,1,0.9515677993551708,0.9515677993551708,True
P01034,64,Female,Middle,67.4,True,1,0.9476971585907898,0.9476971585907898,True
P04020,53,Other,Middle,74.9,False,0,0.05032563512793673,0.9496743648720632,True
P04858,69,Female,High,100.0,False,0,0.00300286549511289,0.9969971345048871,True
P02540,55,Male,Middle,94.6,False,0,0.005808523916782306,0.9941914760832177,True
P02861,47,Female,Low,64.7,True,1,0.9585924009956844,0.9585924009956844,True
P03243,29,Male,Middle,76.3,False,0,0.017629188232821693,0.9823708117671783,True
P01821,53,Male,High,89.9,False,0,0.012536397685061063,0.9874636023149389,True
P01616,90,Female,Middle,73.7,False,0,0.04983674764657902,0.950163252353421,True
P04329,80,Male,High,67.8,True,1,0.9417035879276062,0.9417035879276062,True
P02487,49,Other,Low,59.5,True,1,0.9755017875942634,0.9755017875942634,True
P03057,46,Female,Low,80.6,False,0,0.010443023626016396,0.9895569763739837,True
P03261,51,Female,Middle,60.4,True,1,0.9726992955312136,0.9726992955312136,True
P00055,70,Other,Low,59.8,True,1,0.9675292423146821,0.9675292423146821,True
P00148,35,Male,High,100.0,False,0,0.003952737934075737,0.9960472620659243,True
P00343,58,Other,Middle,97.0,False,0,0.0039048855805634696,0.9960951144194365,True
P02263,73,Female,Middle,91.1,False,0,0.006085482118855828,0.9939145178811442,True
P04816,51,Male,Middle,99.8,False,0,0.004390772268646282,0.9956092277313537,True
P01020,61,Male,Low,71.0,False,0,0.05293803609203477,0.9470619639079653,True
P01346,32,Other,Low,86.1,False,0,0.009021879098124777,0.9909781209018752,True
P00625,78,Male,Middle,79.0,False,0,0.015331822907931305,0.9846681770920687,True
P04618,18,Female,High,79.5,False,0,0.015721385702845384,0.9842786142971546,True
P02739,78,Other,Low,45.2,True,1,0.9783747448214065,0.9783747448214065,True
P04861,47,Male,Low,88.4,False,0,0.005301856537433773,0.9946981434625662,True
P04326,70,Male,Middle,67.0,True,1,0.9685694370708902,0.9685694370708902,True
P02621,65,Other,Low,82.9,False,0,0.013686200911220085,0.9863137990887799,True
P00228,38,Female,High,85.2,False,0,0.008597067942275837,0.9914029320577241,True
P01716,53,Other,Low,72.2,False,0,0.06250682199775043,0.9374931780022495,True
P00690,61,Female,Middle,90.4,False,0,0.007823566984568155,0.9921764330154318,True
P01807,59,Male,Low,68.2,True,1,0.9676805649756894,0.9676805649756894,True
P03779,23,Female,Middle,68.4,True,1,0.9344325157411469,0.9344325157411469,True
P02603,45,Other,Low,70.1,False,0,0.045970116995435,0.954029883004565,True
P02320,38,Female,Low,73.7,False,0,0.043143290748387415,0.9568567092516126,True
P04215,55,Male,High,100.0,False,0,0.002896890817238989,0.997103109182761,True
P02282,44,Other,High,94.1,False,0,0.0038417306514148476,0.9961582693485852,True
P01088,58,Male,High,63.8,True,1,0.9655841293502608,0.9655841293502608,True
P04473,74,Female,Middle,73.8,False,0,0.04600620956717178,0.9539937904328282,True
P04203,40,Other,High,97.8,False,0,0.005184376076586632,0.9948156239234134,True
P02542,36,Other,High,90.4,False,0,0.005580202533687595,0.9944197974663124,True
P04130,79,Male,High,66.3,True,1,0.9694678588086023,0.9694678588086023,True
P02219,86,Other,Middle,70.8,False,0,0.06773818926243855,0.9322618107375614,True
P04728,47,Male,Low,55.1,True,1,0.9824541083707713,0.9824541083707713,True
P01305,63,Other,Middle,57.5,True,1,0.9824271231951194,0.9824271231951194,True
P01480,48,Female,High,87.9,False,0,0.011923382601637476,0.9880766173983625,True
P03584,36,Male,Middle,100.0,False,0,0.004366612128962549,0.9956333878710375,True
P04427,60,Female,Middle,70.0,True,1,0.9491714078991443,0.9491714078991443,True
P01439,62,Male,Middle,74.9,False,0,0.0425008688278345,0.9574991311721655,True
P01632,42,Male,Low,44.1,True,1,0.9940498642866823,0.9940498642866823,True
P03300,72,Other,Middle,38.9,True,1,0.9944074727529029,0.9944074727529029,True
P02009,64,Male,Middle,84.6,False,0,0.009282274018138413,0.9907177259818616,True
P02553,83,Other,Middle,77.7,False,0,0.01722326282607076,0.9827767371739292,True
P00176,67,Female,Middle,58.1,True,1,0.9827401807331174,0.9827401807331174,True
P03009,71,Male,High,85.3,False,0,0.010393485413567617,0.9896065145864323,True
P03896,70,Female,Middle,77.7,False,0,0.024615193625444363,0.9753848063745556,True
P00809,73,Other,High,81.0,False,0,0.012944548358778712,0.9870554516412213,True
P02550,86,Male,Middle,80.0,False,0,0.0161821330749898,0.9838178669250102,True
P03168,57,Female,Middle,98.8,False,0,0.002912984141444606,0.9970870158585554,True
P01215,50,Male,Low,79.0,False,0,0.013814629756615893,0.9861853702433842,True
P02220,51,Female,Middle,80.7,False,0,0.016612037425421586,0.9833879625745784,True
P00207,62,Female,Middle,84.7,False,0,0.009013722877729568,0.9909862771222704,True
P03669,52,Other,High,76.5,False,0,0.017128688394632382,0.9828713116053677,True
P02451,41,Female,Middle,100.0,False,0,0.004287459868458666,0.9957125401315413,True
P04511,37,Other,High,81.6,False,0,0.016021266713188688,0.9839787332868113,True
P02126,63,Other,High,88.7,False,0,0.005087972403148199,0.9949120275968518,True
P01298,50,Other,Middle,67.3,True,1,0.9516345544496374,0.9516345544496374,True
P00202,63,Female,Middle,89.0,False,0,0.0054107221110561736,0.9945892778889438,True
P00755,40,Female,Middle,75.6,False,0,0.014591869359312172,0.9854081306406878,True
P01182,75,Other,Low,68.6,True,1,0.9684153804533979,0.9684153804533979,True
P03197,65,Male,Middle,93.3,False,0,0.005954249764283925,0.9940457502357161,True
P04139,68,Other,High,63.0,True,1,0.9767424961663747,0.9767424961663747,True
P03776,62,Male,Low,60.4,True,1,0.9806972633014595,0.9806972633014595,True
P03380,44,Male,Middle,75.0,False,0,0.03298220293607573,0.9670177970639242,True
P04965,45,Other,High,92.9,False,0,0.00668988836007122,0.9933101116399288,True
P04854,57,Male,Low,86.3,False,0,0.007605709373338908,0.9923942906266611,True
P01135,51,Other,Middle,93.1,False,0,0.005909917092211295,0.9940900829077887,True
P03786,46,Male,Middle,100.0,False,0,0.00490289444613884,0.9950971055538611,True
P04671,64,Other,High,93.5,False,0,0.005158847090230094,0.9948411529097699,True
P04536,45,Other,Low,77.9,False,0,0.013441384717378971,0.986558615282621,True
P04890,64,Female,Middle,71.7,False,0,0.04634348404613357,0.9536565159538665,True
P03864,51,Other,Low,62.8,True,1,0.9639031682380238,0.9639031682380238,True
P01323,53,Female,Low,88.2,False,0,0.004979305681607727,0.9950206943183922,True
P01833,69,Male,Low,80.2,False,0,0.01156650620797514,0.9884334937920248,True
P03582,74,Other,Middle,66.7,True,1,0.9516175304719057,0.9516175304719057,True
P03841,45,Male,High,93.7,False,0,0.004542016267814445,0.9954579837321855,True
P00186,65,Female,Low,66.1,True,1,0.9450085011624317,0.9450085011624317,True
P03732,42,Other,Middle,55.6,True,1,0.9850225102564406,0.9850225102564406,True
P01286,35,Other,Middle,70.3,False,0,0.03951298615388641,0.9604870138461136,True
P04565,66,Other,High,100.0,False,0,0.004247162257628662,0.9957528377423713,True
P01498,73,Female,Low,66.8,True,1,0.9473779388325557,0.9473779388325557,True
P01771,55,Other,High,90.1,False,0,0.008014608060046401,0.9919853919399536,True
P04482,59,Other,Middle,100.0,False,0,0.0045140849012598,0.9954859150987402,True
P02277,65,Male,Middle,51.8,True,1,0.9663620697516692,0.9663620697516692,True
P04206,45,Other,High,92.7,False,0,0.0055898383094221404,0.9944101616905778,True
P03865,49,Male,Middle,96.1,False,0,0.005290176392304217,0.9947098236076958,True
P02388,41,Other,Middle,71.5,False,0,0.044671962194789694,0.9553280378052103,True
P04073,31,Other,High,82.9,False,0,0.010034093344819297,0.9899659066551807,True
P04437,72,Female,Low,71.6,False,0,0.04694327547088142,0.9530567245291186,True
P00907,34,Other,High,83.7,False,0,0.005874262005486375,0.9941257379945136,True
P01312,67,Male,Middle,85.7,False,0,0.010534892459977076,0.9894651075400229,True
P03770,46,Male,Middle,80.4,False,0,0.00988807066442869,0.9901119293355714,True
P01132,61,Female,Middle,80.4,False,0,0.014563682791940015,0.98543631720806,True
P00355,54,Female,Low,58.4,True,1,0.9828971874327408,0.9828971874327408,True
P03939,49,Female,High,71.8,False,0,0.045586135290417405,0.9544138647095826,True
P03746,52,Other,Middle,88.6,False,0,0.006747899499021948,0.993252100500978,True
P03373,76,Female,Middle,51.7,True,1,0.9871281925836727,0.9871281925836727,True
P02734,41,Female,Low,78.6,False,0,0.010276300431793497,0.9897236995682065,True
P03276,75,Female,Middle,89.6,False,0,0.00611195656198764,0.9938880434380124,True
P00326,36,Female,Low,58.9,True,1,0.9729300595353422,0.9729300595353422,True
P02027,82,Male,High,67.4,True,1,0.9667741113038743,0.9667741113038743,True
P01979,43,Other,Low,62.9,True,1,0.9611564069282958,0.9611564069282958,True
P03384,70,Male,Low,92.5,False,0,0.007758289054403143,0.9922417109455969,True
P01653,57,Other,Low,73.8,False,0,0.04522269455373062,0.9547773054462694,True
P02462,66,Female,Middle,95.6,False,0,0.005284213932723597,0.9947157860672764,True
P03530,39,Male,Low,63.8,True,1,0.9679684601840061,0.9679684601840061,True
P01551,53,Other,Middle,72.5,False,0,0.04283493933636694,0.957165060663633,True
P01685,37,Other,Low,60.9,True,1,0.9548819250758439,0.9548819250758439,True
P02478,76,Other,Low,58.9,True,1,0.9754841705977221,0.9754841705977221,True
P03310,54,Other,Middle,72.3,False,0,0.06142228150066153,0.9385777184993385,True
P00597,50,Male,Low,81.2,False,0,0.012983144180396186,0.9870168558196039,True
P04194,18,Male,Low,54.3,True,1,0.943584727911811,0.943584727911811,True
P00544,76,Female,Middle,57.2,True,1,0.9716226273783071,0.9716226273783071,True
P01062,18,Female,High,93.6,False,0,0.004361056562696938,0.9956389434373031,True
P00311,51,Male,High,78.8,False,0,0.013638424331033851,0.9863615756689661,True
P00687,51,Other,High,96.4,False,0,0.0038549560095636915,0.9961450439904364,True
P00565,73,Male,Middle,93.0,False,0,0.006537211026288868,0.9934627889737111,True
P01728,67,Female,Middle,74.4,False,0,0.03919234975886868,0.9608076502411314,True
P00829,48,Female,Low,63.0,True,1,0.9545213095664478,0.9545213095664478,True
P04315,48,Male,Middle,97.3,False,0,0.004072356330969329,0.9959276436690306,True
P04201,58,Other,Middle,74.2,False,0,0.04514815272738595,0.9548518472726141,True
P04954,69,Female,High,67.9,True,1,0.9708516415052056,0.9708516415052056,True
P01015,81,Other,Low,58.6,True,1,0.9767340729116764,0.9767340729116764,True
P02093,64,Female,Middle,44.7,True,1,0.9934194056758122,0.9934194056758122,True
P04297,39,Other,High,66.2,True,1,0.958282049230793,0.958282049230793,True
P01615,52,Male,Low,83.5,False,0,0.00779434306763623,0.9922056569323637,True
P04950,61,Male,Middle,69.8,True,1,0.9506486900706017,0.9506486900706017,True
P01750,70,Other,Middle,92.2,False,0,0.0063638090653758295,0.9936361909346242,True
P04347,54,Female,High,66.6,True,1,0.9790552807427187,0.9790552807427187,True
P04275,24,Female,Middle,60.2,True,1,0.9522152554578444,0.9522152554578444,True
P03944,19,Female,Middle,64.7,True,1,0.9538074469613641,0.9538074469613641,True
P00694,64,Female,High,79.8,False,0,0.01438482662477267,0.9856151733752273,True
P03447,53,Other,Low,75.8,False,0,0.017152734563940345,0.9828472654360596,True
P03648,58,Other,Middle,81.0,False,0,0.011022686633769357,0.9889773133662306,True
P00933,33,Female,High,100.0,False,0,0.0025141094753016197,0.9974858905246984,True
P03785,61,Male,Low,73.8,False,0,0.03391266869287555,0.9660873313071244,True
P03627,42,Male,Low,74.5,False,0,0.04076387418863315,0.9592361258113669,True
P03492,51,Female,Low,64.0,True,1,0.9576285939384207,0.9576285939384207,True
P01952,73,Male,High,94.3,False,0,0.004792724732901064,0.995207275267099,True
P00324,86,Male,Low,35.4,True,1,0.9915879168112057,0.9915879168112057,True
P03589,73,Other,Middle,91.8,False,0,0.008028512459867024,0.991971487540133,True
P01386,59,Female,Low,75.6,False,0,0.01447836380542045,0.9855216361945796,True
P03122,45,Other,Low,64.6,True,1,0.9597901613404796,0.9597901613404796,True
P00820,70,Male,Middle,100.0,False,0,0.0027280211295564105,0.9972719788704436,True
P04871,90,Female,High,64.1,True,1,0.9521325012966719,0.9521325012966719,True
P00328,66,Female,Middle,78.4,False,0,0.025164417390659166,0.9748355826093409,True
P02713,62,Male,Middle,83.0,False,0,0.011225116040077641,0.9887748839599224,True
P02936,77,Female,Low,60.6,True,1,0.957948482702793,0.957948482702793,True
P01195,31,Female,Middle,60.9,True,1,0.9658473058766969,0.9658473058766969,True
P00501,68,Other,Low,68.4,True,1,0.9452636410836046,0.9452636410836046,True
P03513,80,Male,Low,74.7,False,0,0.0443624625156879,0.9556375374843121,True
P04987,51,Male,High,98.3,False,0,0.004662433859038573,0.9953375661409615,True
P02166,39,Female,Middle,95.8,False,0,0.005129833480866072,0.994870166519134,True
P02910,73,Female,Low,77.2,False,0,0.011195576672219341,0.9888044233277806,True
P01772,80,Other,Middle,48.8,True,1,0.9863885892022831,0.9863885892022831,True
P03333,78,Male,Middle,51.3,True,1,0.9887916591839621,0.9887916591839621,True
P03198,26,Other,Middle,67.5,True,1,0.9312026082468895,0.9312026082468895,True
P01593,61,Female,Middle,86.2,False,0,0.011638311183844811,0.9883616888161552,True
P01324,62,Male,Middle,52.1,True,1,0.9829158562083868,0.9829158562083868,True
P04470,60,Female,Middle,53.3,True,1,0.9836537074660316,0.9836537074660316,True
P04490,55,Male,Middle,63.4,True,1,0.9758851681098899,0.9758851681098899,True
P01426,25,Female,Middle,58.7,True,1,0.9655769136449524,0.9655769136449524,True
P01079,77,Male,Middle,42.6,True,1,0.9899631970243064,0.9899631970243064,True
P02091,59,Other,High,100.0,False,0,0.0037166864032178388,0.9962833135967821,True
P00742,35,Female,Low,81.3,False,0,0.011523394131766207,0.9884766058682338,True
P02062,52,Male,Middle,73.4,False,0,0.03551351635536747,0.9644864836446325,True
P01706,51,Other,Middle,72.9,False,0,0.06057151863007769,0.9394284813699223,True
P02566,48,Male,High,87.5,False,0,0.007158720039499132,0.9928412799605009,True
P01199,58,Other,High,75.3,False,0,0.020118355971843523,0.9798816440281565,True
P02235,36,Male,Low,75.0,False,0,0.011140790306903053,0.9888592096930969,True
P02705,58,Male,Low,52.8,True,1,0.9833807352841082,0.9833807352841082,True
P03852,62,Female,Middle,76.5,False,0,0.018340098228990364,0.9816599017710096,True
P04128,81,Other,Middle,52.2,True,1,0.9862601789168022,0.9862601789168022,True
P02878,44,Other,Low,63.7,True,1,0.9428841740821504,0.9428841740821504,True
P00951,51,Other,Middle,89.0,False,0,0.004817771039426705,0.9951822289605733,True
P03747,22,Female,Low,70.7,False,0,0.038332190151479616,0.9616678098485204,True
P00128,46,Other,Low,58.4,True,1,0.9506466113154503,0.9506466113154503,True
P04756,59,Other,Low,82.7,False,0,0.01294024532364629,0.9870597546763538,True
P01518,64,Other,Middle,62.7,True,1,0.9714773811636386,0.9714773811636386,True
P02485,46,Other,High,80.9,False,0,0.009921877225404536,0.9900781227745955,True
P00021,76,Female,Low,60.9,True,1,0.9722919782388282,0.9722919782388282,True
P04736,69,Female,Middle,56.6,True,1,0.9729028960011106,0.9729028960011106,True
P04980,21,Male,Middle,61.0,True,1,0.9670416079041003,0.9670416079041003,True
P01725,40,Male,Middle,94.9,False,0,0.005390878696910115,0.9946091213030899,True
P03162,61,Male,High,82.1,False,0,0.009882885405487665,0.9901171145945123,True
P01514,27,Male,High,71.3,False,0,0.041864877720215125,0.9581351222797849,True
P04823,42,Female,Low,67.0,True,1,0.964212241242471,0.964212241242471,True
P01845,57,Female,High,72.9,False,0,0.04461707401125057,0.9553829259887494,True
P00197,41,Female,High,100.0,False,0,0.004131144792967272,0.9958688552070327,True
P02654,70,Other,Middle,67.4,True,1,0.9733849530978036,0.9733849530978036,True
P03934,66,Male,Low,67.9,True,1,0.9401578306627736,0.9401578306627736,True
P04646,79,Male,Low,77.3,False,0,0.013702111283220193,0.9862978887167798,True
P04324,38,Male,Low,47.7,True,1,0.9818615254468459,0.9818615254468459,True
P01623,68,Male,Middle,85.8,False,0,0.008656621148270066,0.99134337885173,True
P00155,59,Other,High,94.3,False,0,0.003493108488175853,0.9965068915118241,True
P04286,58,Female,Low,73.3,False,0,0.04605222276750062,0.9539477772324993,True
P03005,63,Male,Middle,65.5,True,1,0.9481613979371684,0.9481613979371684,True
P01510,77,Male,Middle,61.8,True,1,0.950831645695952,0.950831645695952,True
P02957,68,Male,Middle,79.9,False,0,0.011500899626126554,0.9884991003738735,True
P01669,67,Other,Middle,98.4,False,0,0.005165179488013657,0.9948348205119864,True
P03552,31,Other,Middle,100.0,False,0,0.004427227433075602,0.9955727725669244,True
P00154,58,Male,Low,51.3,True,1,0.9772451853804153,0.9772451853804153,True
P03937,73,Male,Low,77.7,False,0,0.0221042524934129,0.9778957475065871,True
P00837,78,Other,Middle,73.6,False,0,0.055686475994456114,0.9443135240055439,True
P02303,49,Other,High,85.9,False,0,0.010004093370107561,0.9899959066298925,True
P02584,73,Female,Middle,78.1,False,0,0.024587489248907714,0.9754125107510923,True
P04298,56,Female,High,95.6,False,0,0.0043369808729737495,0.9956630191270263,True
P01629,56,Other,Low,39.8,True,1,0.9954445481187499,0.9954445481187499,True
P02719,46,Female,Middle,66.0,True,1,0.9746168816747776,0.9746168816747776,True
P00250,61,Female,High,82.6,False,0,0.0071920769131784135,0.9928079230868216,True
P01920,47,Male,High,72.4,False,0,0.04059867960057438,0.9594013203994256,True
P02094,37,Female,Middle,100.0,False,0,0.004397909043487376,0.9956020909565126,True
P01507,65,Female,Middle,86.8,False,0,0.006451323020445339,0.9935486769795546,True
P00498,52,Male,Low,78.0,False,0,0.016965060408081184,0.9830349395919188,True
P01906,61,Other,Low,62.8,True,1,0.9185595082325083,0.9185595082325083,True
P03143,53,Female,Middle,65.4,True,1,0.9317427645347334,0.9317427645347334,True
P00798,65,Male,Low,57.9,True,1,0.9677586295780098,0.9677586295780098,True
P03125,52,Male,Middle,64.6,True,1,0.9473685655537754,0.9473685655537754,True
P01749,57,Male,Middle,79.6,False,0,0.015079574683862994,0.984920425316137,True
P03512,41,Other,Middle,91.7,False,0,0.007403082889745199,0.9925969171102548,True
P00442,54,Male,Middle,86.0,False,0,0.013018118345009749,0.9869818816549902,True
P03151,67,Other,Middle,74.9,False,0,0.03693072333087769,0.9630692766691223,True
P04713,61,Male,Middle,79.8,False,0,0.013835943627360292,0.9861640563726397,True
P04960,62,Male,Middle,92.3,False,0,0.008619473236808938,0.9913805267631911,True
P02735,84,Female,Middle,53.6,True,1,0.98184408943359,0.98184408943359,True
P00003,64,Other,High,73.8,False,0,0.044616408923604876,0.9553835910763951,True
P00528,55,Female,Low,58.9,True,1,0.9655010455555834,0.9655010455555834,True
P01158,88,Female,Middle,80.0,False,0,0.012378835335871393,0.9876211646641286,True
P01962,59,Female,Middle,69.1,True,1,0.9691429459223291,0.9691429459223291,True
P04663,46,Male,Middle,49.6,True,1,0.9916361059091049,0.9916361059091049,True
P01850,61,Other,Middle,81.5,False,0,0.015354563845139944,0.9846454361548601,True
P03228,73,Female,Low,58.3,True,1,0.984032127056727,0.984032127056727,True
P02845,58,Male,Middle,80.3,False,0,0.014955763297121314,0.9850442367028787,True
P03496,84,Male,Low,55.3,True,1,0.9830010326273698,0.9830010326273698,True
P00633,52,Other,High,90.3,False,0,0.006223977230792047,0.993776022769208,True
P01642,76,Male,Middle,72.6,False,0,0.03691440632449363,0.9630855936755064,True
P00784,64,Other,Middle,45.8,True,1,0.9913813379960259,0.9913813379960259,True
P03481,50,Female,Middle,96.4,False,0,0.004927315788439404,0.9950726842115606,True
P03352,49,Other,High,87.5,False,0,0.006702121589323835,0.9932978784106762,True
P02531,62,Other,Low,74.7,False,0,0.04296294273721958,0.9570370572627804,True
P02405,80,Female,Middle,55.3,True,1,0.9776861619608306,0.9776861619608306,True
P01680,48,Male,Low,68.1,True,1,0.9623911868318681,0.9623911868318681,True
P04612,24,Female,Middle,79.7,False,0,0.010994869821948798,0.9890051301780513,True
P00959,63,Male,Middle,80.7,False,0,0.0139763167603324,0.9860236832396676,True
P00703,44,Male,Low,99.7,False,0,0.004039136130200911,0.9959608638697991,True
P00060,69,Male,Middle,94.9,False,0,0.005125471049710462,0.9948745289502895,True
P02660,63,Female,Low,48.2,True,1,0.989144475920389,0.989144475920389,True
P00919,48,Female,Middle,80.0,False,0,0.014317370763737347,0.9856826292362626,True
P03471,53,Male,Middle,60.0,True,1,0.9807455150612955,0.9807455150612955,True
P01289,38,Female,Middle,64.5,True,1,0.9487946461257075,0.9487946461257075,True
P00833,39,Female,Low,84.6,False,0,0.01184436765766747,0.9881556323423325,True
P00550,45,Male,Low,45.8,True,1,0.9862946244331835,0.9862946244331835,True
P02060,57,Female,Middle,88.0,False,0,0.008915245957453898,0.9910847540425461,True
P04841,42,Female,Middle,83.0,False,0,0.0106557552703082,0.9893442447296918,True
P01552,51,Male,Middle,73.6,False,0,0.030886103932503524,0.9691138960674964,True
P04880,69,Other,High,93.7,False,0,0.005956485813840212,0.9940435141861598,True
P01094,55,Other,High,63.0,True,1,0.958150143800616,0.958150143800616,True
P03917,53,Female,Middle,58.4,True,1,0.9819712090942067,0.9819712090942067,True
P01283,65,Other,Middle,98.4,False,0,0.005289291762018989,0.994710708237981,True
P03576,59,Other,Middle,60.9,True,1,0.9731127536393647,0.9731127536393647,True
P01116,60,Female,High,81.8,False,0,0.015146016983549199,0.9848539830164508,True
P01754,27,Male,Low,71.9,False,0,0.040113381044221956,0.9598866189557781,True
P03559,53,Male,High,98.7,False,0,0.004448406100202975,0.995551593899797,True
P01250,31,Other,Middle,74.4,False,0,0.044468509807085076,0.955531490192915,True
P03418,58,Other,Low,70.3,False,0,0.052921064426853105,0.9470789355731469,True
P03861,48,Male,Low,48.7,True,1,0.9861338092539577,0.9861338092539577,True
P02986,40,Male,Low,89.2,False,0,0.00794964331773421,0.9920503566822658,True
P02466,68,Male,High,82.4,False,0,0.015721947275996722,0.9842780527240033,True
P04281,86,Male,Low,44.0,True,1,0.9921945120746939,0.9921945120746939,True
P04036,69,Female,Middle,98.6,False,0,0.004958014556910773,0.9950419854430892,True
P04192,58,Other,High,87.9,False,0,0.009581175331600989,0.990418824668399,True
P02178,57,Other,Middle,83.3,False,0,0.009546538088435901,0.9904534619115641,True
P02665,61,Male,Middle,76.1,False,0,0.02064706861753154,0.9793529313824685,True
P01417,55,Male,Low,69.9,True,1,0.9657818993441978,0.9657818993441978,True
P00302,46,Other,Middle,69.4,True,1,0.9506523323915813,0.9506523323915813,True
P01254,60,Male,Middle,85.3,False,0,0.00576445021350805,0.994235549786492,True
P04012,33,Female,Low,66.8,True,1,0.9474805035418974,0.9474805035418974,True
P00577,58,Other,High,69.6,True,1,0.9610460631190517,0.9610460631190517,True
P02822,67,Male,Low,61.6,True,1,0.9696965766740661,0.9696965766740661,True
P00727,55,Female,Middle,68.3,True,1,0.9449990421533155,0.9449990421533155,True
P03958,51,Other,Middle,76.7,False,0,0.014404208963915338,0.9855957910360846,True
P00248,45,Other,High,98.8,False,0,0.004440820037867258,0.9955591799621327,True
P02740,67,Male,Low,61.7,True,1,0.9527425404673066,0.9527425404673066,True
P03027,57,Female,Middle,96.4,False,0,0.005112985457845114,0.9948870145421549,True
P04151,54,Other,Middle,81.2,False,0,0.010833722113048758,0.9891662778869512,True
P01843,46,Female,Low,77.4,False,0,0.009020915267774635,0.9909790847322254,True
P02816,67,Female,Middle,62.3,True,1,0.977965984100286,0.977965984100286,True
P00773,64,Male,Middle,90.0,False,0,0.006280092250699027,0.993719907749301,True
P02712,77,Female,Low,67.7,True,1,0.9422643471981875,0.9422643471981875,True
P03678,52,Male,Middle,100.0,False,0,0.0033948215866162084,0.9966051784133838,True
P01247,55,Other,Middle,82.6,False,0,0.013487770836971483,0.9865122291630285,True
P01963,62,Other,Middle,78.2,False,0,0.01291230955354264,0.9870876904464574,True
P00210,90,Female,Middle,48.3,True,1,0.9825714222946519,0.9825714222946519,True
P04416,64,Male,High,94.0,False,0,0.00801257247336622,0.9919874275266338,True
P03058,58,Male,Middle,55.8,True,1,0.981392638504318,0.981392638504318,True
P04705,63,Other,Low,80.2,False,0,0.013517619165458843,0.9864823808345412,True
P01023,54,Female,Middle,91.8,False,0,0.006625228077540629,0.9933747719224594,True
P02246,56,Female,Low,72.7,False,0,0.048462541128729386,0.9515374588712706,True
P00058,50,Female,Middle,78.5,False,0,0.01849087250466144,0.9815091274953386,True
P03756,25,Other,Middle,95.2,False,0,0.004951541219894247,0.9950484587801057,True
P03671,70,Female,Middle,96.1,False,0,0.005224097339412694,0.9947759026605874,True
P02442,75,Male,Middle,85.8,False,0,0.01037062547037624,0.9896293745296237,True
P04864,34,Male,Middle,80.5,False,0,0.012488632674480636,0.9875113673255194,True
P03176,43,Female,High,96.5,False,0,0.005786943631689559,0.9942130563683105,True
P01265,57,Female,Middle,73.0,False,0,0.07856134397045633,0.9214386560295437,True
P00538,49,Male,Middle,93.8,False,0,0.006437352806746072,0.9935626471932539,True
P01847,73,Female,Low,95.9,False,0,0.005939752971327323,0.9940602470286727,True
P03021,73,Female,High,65.9,True,1,0.9569383979702176,0.9569383979702176,True
P01054,58,Female,Low,72.5,False,0,0.04163931165041178,0.9583606883495882,True
P02345,22,Male,Low,46.9,True,1,0.9884173633659532,0.9884173633659532,True
P02884,61,Other,Middle,94.4,False,0,0.006277194303184694,0.9937228056968153,True
P04261,69,Other,Low,86.9,False,0,0.009283059527933683,0.9907169404720663,True
P02516,59,Other,Middle,60.6,True,1,0.9793756669886664,0.9793756669886664,True
P01486,68,Female,Middle,85.3,False,0,0.011693604761153956,0.988306395238846,True
P04495,67,Other,High,100.0,False,0,0.0037235427284864693,0.9962764572715135,True
P04899,65,Other,Middle,75.1,False,0,0.02638444530628213,0.9736155546937179,True
P04856,90,Female,High,63.2,True,1,0.9764679533724535,0.9764679533724535,True
P04978,56,Other,Middle,80.3,False,0,0.01771539947262339,0.9822846005273767,True
P02697,71,Other,High,82.6,False,0,0.0165100903179019,0.9834899096820982,True
P04874,58,Female,Middle,94.2,False,0,0.0034251345054390945,0.9965748654945609,True
P01542,81,Male,Middle,75.4,False,0,0.027295130709019358,0.9727048692909807,True
P00630,71,Other,Low,84.3,False,0,0.009206659139164032,0.9907933408608359,True
P02299,64,Male,Middle,89.2,False,0,0.00851970264731964,0.9914802973526804,True
P02064,53,Male,Low,63.5,True,1,0.9563648182610934,0.9563648182610934,True
P00044,50,Other,Middle,60.3,True,1,0.9682625579636949,0.9682625579636949,True
P03052,44,Female,High,78.8,False,0,0.01550770319543038,0.9844922968045696,True
P03497,67,Other,High,87.0,False,0,0.010613085893355046,0.9893869141066449,True
P01435,52,Female,Middle,70.5,False,0,0.041760290649733724,0.9582397093502663,True
P03882,57,Other,Middle,70.1,False,0,0.0488904354418699,0.9511095645581301,True
P00988,68,Male,Low,80.5,False,0,0.01310592383783342,0.9868940761621666,True
P03184,50,Female,Low,88.5,False,0,0.007567335892254309,0.9924326641077457,True
P01047,64,Other,Low,85.9,False,0,0.009549665657801838,0.9904503343421982,True
P04904,49,Other,Middle,94.1,False,0,0.005676505470857227,0.9943234945291428,True
P00033,54,Female,Low,74.3,False,0,0.03666647982501111,0.9633335201749889,True
P01397,34,Other,Middle,100.0,False,0,0.0037043731190868246,0.9962956268809132,True
P04885,64,Other,Middle,81.3,False,0,0.011277371349005109,0.9887226286509949,True
P00289,59,Other,Middle,95.3,False,0,0.004672469800222194,0.9953275301997778,True
P01958,90,Female,Middle,75.5,False,0,0.022983693880757355,0.9770163061192426,True
P02554,60,Male,High,83.0,False,0,0.01268661458047144,0.9873133854195285,True
P03592,64,Male,Middle,67.5,True,1,0.955612499235654,0.955612499235654,True
P00293,46,Other,Middle,74.0,False,0,0.05947687074483292,0.9405231292551671,True
P01222,59,Male,Low,62.3,True,1,0.9369679138076643,0.9369679138076643,True
P02114,39,Male,Low,85.3,False,0,0.008890515312485048,0.9911094846875149,True
P03451,47,Male,High,93.3,False,0,0.007169035977350959,0.992830964022649,True
P04019,47,Female,Middle,87.2,False,0,0.005717159899701898,0.9942828401002981,True
P04199,18,Male,Low,84.4,False,0,0.008723005165090864,0.9912769948349092,True
P02625,61,Other,Middle,69.5,True,1,0.9457019037685463,0.9457019037685463,True
P04046,48,Female,Middle,73.8,False,0,0.049727137096514225,0.9502728629034858,True
P03334,63,Female,Low,71.2,False,0,0.061353362976798574,0.9386466370232014,True
P04532,69,Female,Middle,100.0,False,0,0.005464444580436607,0.9945355554195634,True
P02443,35,Male,Middle,50.6,True,1,0.9797203716844175,0.9797203716844175,True
P00807,58,Female,High,67.0,True,1,0.9604074569508466,0.9604074569508466,True
P00973,67,Other,High,95.3,False,0,0.008182081075115668,0.9918179189248844,True
P01802,54,Male,Middle,90.2,False,0,0.007158548987794747,0.9928414510122052,True
P00709,23,Other,Middle,77.1,False,0,0.01864347779170303,0.9813565222082969,True
P03006,34,Female,Middle,64.9,True,1,0.9519217652845573,0.9519217652845573,True
P00977,48,Other,Middle,62.6,True,1,0.9673568329489634,0.9673568329489634,True
P01981,40,Female,High,100.0,False,0,0.004127377012182744,0.9958726229878172,True
P04530,46,Other,Middle,87.2,False,0,0.008273405773097943,0.991726594226902,True
P03587,44,Male,Low,68.4,True,1,0.9679397216958403,0.9679397216958403,True
P00017,39,Other,Middle,92.9,False,0,0.006759966826011974,0.993240033173988,True
P03777,27,Other,Middle,73.9,False,0,0.050433322095820084,0.9495666779041799,True
P04259,53,Other,Middle,79.1,False,0,0.011061226458449033,0.988938773541551,True
P04337,30,Other,Middle,64.5,True,1,0.976190553795005,0.976190553795005,True
P02877,40,Other,Middle,92.5,False,0,0.007193629733084943,0.9928063702669151,True
P04160,56,Female,Middle,67.7,True,1,0.924954456040422,0.924954456040422,True
P04449,62,Other,Middle,75.5,False,0,0.014769298986277785,0.9852307010137222,True
P00479,90,Male,Low,51.7,True,1,0.9888377449746922,0.9888377449746922,True
P04196,47,Other,Low,87.9,False,0,0.007930670688047764,0.9920693293119522,True
P04156,51,Male,High,65.9,True,1,0.9739123245897826,0.9739123245897826,True
P04243,46,Female,Middle,93.2,False,0,0.0068650515035096026,0.9931349484964904,True
P04797,62,Other,Middle,87.0,False,0,0.007203159564412769,0.9927968404355872,True
P01876,75,Other,High,90.4,False,0,0.008968400935352259,0.9910315990646478,True
P01747,69,Other,High,81.3,False,0,0.016199724179480908,0.9838002758205191,True
P00076,67,Other,Middle,68.7,True,1,0.9727829558735691,0.9727829558735691,True
P04912,74,Other,Middle,54.6,True,1,0.9725420409810113,0.9725420409810113,True
P03668,63,Male,Low,71.6,False,0,0.03907094382624473,0.9609290561737552,True
P01100,60,Other,Low,62.7,True,1,0.9592059274882687,0.9592059274882687,True
P01717,59,Male,High,100.0,False,0,0.003843660974988334,0.9961563390250117,True
P00391,41,Other,Middle,70.8,False,0,0.041489808455207604,0.9585101915447924,True
P00351,59,Male,Middle,69.9,True,1,0.9600287092171654,0.9600287092171654,True
P04958,70,Male,Middle,95.4,False,0,0.005650185839732522,0.9943498141602675,True
P02511,62,Male,High,71.8,False,0,0.05254721612206184,0.9474527838779382,True
P03030,55,Male,Low,59.3,True,1,0.9751524561208618,0.9751524561208618,True
P04953,66,Female,High,100.0,False,0,0.003735328406061106,0.9962646715939389,True
P01822,56,Other,Middle,66.2,True,1,0.9708821339768366,0.9708821339768366,True
P01178,53,Female,Middle,73.8,False,0,0.030316773152338095,0.969683226847662,True
P03909,63,Male,Low,60.5,True,1,0.9681584948570857,0.9681584948570857,True
P02367,46,Female,High,80.4,False,0,0.016424923307977318,0.9835750766920227,True
P02748,37,Other,Low,54.2,True,1,0.9833384399446653,0.9833384399446653,True
P03854,38,Female,Low,81.6,False,0,0.008712782522636478,0.9912872174773635,True
P01197,54,Male,High,92.3,False,0,0.005649760626059831,0.9943502393739402,True
P01070,60,Male,Low,68.6,True,1,0.9392373079822388,0.9392373079822388,True
P01902,49,Other,High,94.7,False,0,0.005585922700738149,0.9944140772992619,True
P04127,41,Male,Middle,80.5,False,0,0.0177562564833313,0.9822437435166687,True
P03720,53,Other,Middle,56.9,True,1,0.9790358666311307,0.9790358666311307,True
P03675,54,Female,Middle,55.0,True,1,0.9782278479874268,0.9782278479874268,True
P02096,53,Female,High,63.4,True,1,0.9642989578412514,0.9642989578412514,True
P02570,51,Other,Middle,100.0,False,0,0.0049980409669686645,0.9950019590330313,True
P04477,48,Male,High,98.9,False,0,0.005143881816828882,0.9948561181831711,True
P04979,60,Other,Middle,96.2,False,0,0.005084165030235608,0.9949158349697644,True
P02452,42,Other,Low,72.4,False,0,0.027854318265827047,0.9721456817341729,True
P00936,47,Other,Middle,79.4,False,0,0.015815464842280594,0.9841845351577194,True
P01839,54,Other,Middle,89.7,False,0,0.007929552374114857,0.9920704476258851,True
P01665,74,Other,Low,71.0,False,0,0.03147437617265948,0.9685256238273405,True
P04284,69,Male,Middle,57.0,True,1,0.9827267756517337,0.9827267756517337,True
P03478,23,Other,Middle,71.3,False,0,0.061883627404639645,0.9381163725953604,True
P04048,90,Other,Middle,58.1,True,1,0.9773158780598917,0.9773158780598917,True
P04293,32,Female,Middle,82.0,False,0,0.01678440348688156,0.9832155965131184,True
P03750,32,Female,High,98.5,False,0,0.003996048237931064,0.9960039517620689,True
P01742,52,Female,High,92.7,False,0,0.0055696972415790625,0.9944303027584209,True
P03494,46,Other,Middle,93.2,False,0,0.0075356625222496795,0.9924643374777503,True
P01049,77,Female,High,73.0,False,0,0.058549548254264436,0.9414504517457356,True
P01699,62,Male,Middle,91.1,False,0,0.0063433314014518585,0.9936566685985482,True
P00306,56,Other,Middle,80.8,False,0,0.018697588099262467,0.9813024119007375,True
P02664,40,Female,Low,56.6,True,1,0.9839690207767386,0.9839690207767386,True
P00007,78,Male,Middle,71.5,False,0,0.043054181200189404,0.9569458187998106,True
P01154,35,Other,Low,88.8,False,0,0.00866248385998237,0.9913375161400176,True
P04638,36,Male,Middle,80.8,False,0,0.01179501751217932,0.9882049824878206,True
P04132,55,Female,Middle,100.0,False,0,0.004080081161731685,0.9959199188382684,True
P04847,22,Female,Low,57.8,True,1,0.9807803729976057,0.9807803729976057,True
P03375,29,Other,Middle,54.8,True,1,0.9709505078909183,0.9709505078909183,True
P03640,61,Male,Middle,84.1,False,0,0.01025658120880479,0.9897434187911952,True
P04936,63,Female,Middle,61.7,True,1,0.9624640279614873,0.9624640279614873,True
P04894,53,Other,High,83.5,False,0,0.00713915548194188,0.9928608445180581,True
P03169,53,Female,Middle,70.5,False,0,0.062481554632042156,0.9375184453679578,True
P02251,53,Male,Middle,98.8,False,0,0.004173515369090923,0.9958264846309091,True
P00980,66,Male,Middle,77.9,False,0,0.016880701200574305,0.9831192987994257,True
P03001,26,Female,High,61.1,True,1,0.9602755192673937,0.9602755192673937,True
P02377,49,Female,Middle,91.8,False,0,0.006510451945998162,0.9934895480540018,True
P03954,63,Female,Middle,90.8,False,0,0.0068228473368232056,0.9931771526631767,True
P01608,79,Female,Low,23.3,True,1,0.9967149545866266,0.9967149545866266,True
P00909,64,Other,High,86.6,False,0,0.006724149972335396,0.9932758500276646,True
P02609,68,Other,Low,62.3,True,1,0.9811426383056338,0.9811426383056338,True
P02201,82,Female,Low,37.6,True,1,0.99206838473837,0.99206838473837,True
P04734,62,Other,High,100.0,False,0,0.003100514289359418,0.9968994857106406,True
P04804,44,Male,Middle,77.5,False,0,0.013369693034688787,0.9866303069653112,True
P01168,63,Female,Low,61.2,True,1,0.9675016779139758,0.9675016779139758,True
P01561,54,Other,High,100.0,False,0,0.003643783746924636,0.9963562162530754,True
P01139,63,Female,High,51.4,True,1,0.9911484920221582,0.9911484920221582,True
P04434,46,Female,Low,53.6,True,1,0.9848028452628858,0.9848028452628858,True
P03595,73,Other,High,73.1,False,0,0.04339574226573756,0.9566042577342624,True
P01161,18,Female,Middle,76.8,False,0,0.008373542415625846,0.9916264575843742,True
P04725,53,Other,Low,73.7,False,0,0.04037844304497311,0.9596215569550269,True
P03994,66,Female,Middle,78.0,False,0,0.013503406466831139,0.9864965935331689,True
P04780,18,Female,High,83.7,False,0,0.011343175173149896,0.9886568248268501,True
P02259,18,Male,Middle,100.0,False,0,0.004025909878125406,0.9959740901218745,True
P01713,22,Female,Middle,81.7,False,0,0.013123269332064572,0.9868767306679355,True
P04685,39,Male,Middle,93.2,False,0,0.0066177203733581965,0.9933822796266418,True
P02940,49,Male,Middle,76.8,False,0,0.01624652330480684,0.9837534766951932,True
P03304,39,Other,Middle,69.2,True,1,0.9418431802827278,0.9418431802827278,True
P03191,48,Male,Low,56.2,True,1,0.9737999272945702,0.9737999272945702,True
P01319,45,Female,High,98.2,False,0,0.003925821215247622,0.9960741787847524,True
P02677,60,Male,Middle,95.3,False,0,0.006148321907853748,0.9938516780921463,True
P04785,90,Other,High,88.2,False,0,0.008618755114856446,0.9913812448851436,True
P02447,59,Female,Low,38.0,True,1,0.9916452147519476,0.9916452147519476,True
P01242,51,Male,Middle,67.3,True,1,0.9392701995560269,0.9392701995560269,True
P02509,34,Female,Low,78.9,False,0,0.010928237732151068,0.989071762267849,True
P03681,38,Male,Middle,93.5,False,0,0.004842887573951683,0.9951571124260483,True
P02918,65,Female,High,76.8,False,0,0.01907676504551339,0.9809232349544866,True
P04503,31,Female,Middle,73.3,False,0,0.049213518109931874,0.9507864818900681,True
P03288,51,Male,Middle,85.8,False,0,0.008093635180308034,0.991906364819692,True
P04514,40,Female,Middle,81.1,False,0,0.014401036012556183,0.9855989639874438,True
P03291,76,Female,High,49.2,True,1,0.9772734299595308,0.9772734299595308,True
P02711,42,Female,High,95.0,False,0,0.004427455504908184,0.9955725444950918,True
P02900,59,Other,Middle,95.5,False,0,0.00548056019562135,0.9945194398043786,True
P04586,72,Female,High,54.9,True,1,0.9828557801308755,0.9828557801308755,True
P01321,55,Other,High,100.0,False,0,0.0036319316743723662,0.9963680683256276,True
P01534,52,Male,High,81.1,False,0,0.007559943624808322,0.9924400563751917,True
P02359,28,Other,Middle,69.6,True,1,0.9534812449792814,0.9534812449792814,True
P03569,58,Other,Middle,82.4,False,0,0.013473085629739052,0.986526914370261,True
P01208,45,Female,Middle,49.9,True,1,0.9806667824380603,0.9806667824380603,True
P03936,60,Male,Low,81.9,False,0,0.009176926367024925,0.9908230736329751,True
P04170,44,Other,Low,68.3,True,1,0.9519685962247365,0.9519685962247365,True
P01545,45,Other,Middle,79.0,False,0,0.014632758575036143,0.9853672414249639,True
P02486,67,Male,Middle,81.3,False,0,0.0115743319912849,0.9884256680087151,True
P02557,18,Female,Middle,79.4,False,0,0.013515533595728409,0.9864844664042716,True
P03778,36,Male,High,97.1,False,0,0.0051219284951721815,0.9948780715048278,True
P00336,52,Male,Low,60.0,True,1,0.9761568155517889,0.9761568155517889,True
P03833,70,Female,Middle,93.6,False,0,0.005466800626047123,0.9945331993739529,True
P03141,67,Female,Low,65.3,True,1,0.9026140683926972,0.9026140683926972,True
P04674,39,Other,Middle,97.0,False,0,0.004764291703153905,0.995235708296846,True
P03690,52,Female,Low,33.3,True,1,0.9954579690383157,0.9954579690383157,True
P03676,56,Male,High,91.5,False,0,0.00654788338367587,0.9934521166163242,True
P00203,71,Male,Middle,66.5,True,1,0.9576417319728782,0.9576417319728782,True
P02121,90,Other,Middle,65.9,True,1,0.9580025932803553,0.9580025932803553,True
P00737,58,Male,Middle,78.3,False,0,0.013391719537225445,0.9866082804627746,True
P00402,46,Female,High,98.4,False,0,0.004212128924009168,0.9957878710759909,True
P04920,74,Other,Low,77.1,False,0,0.008793470115250052,0.99120652988475,True
P00388,83,Other,Low,51.1,True,1,0.9904945755938038,0.9904945755938038,True
P01290,22,Male,Middle,91.6,False,0,0.006056885441352156,0.9939431145586478,True
P02167,42,Female,Middle,94.5,False,0,0.005619064780027761,0.9943809352199723,True
P03493,62,Other,Low,71.5,False,0,0.04784545610743272,0.9521545438925673,True
P03316,61,Female,Middle,73.7,False,0,0.04270366765858229,0.9572963323414178,True
P04314,60,Female,Middle,71.7,False,0,0.05562722063807447,0.9443727793619255,True
P03039,40,Male,Middle,69.4,True,1,0.9263165003472867,0.9263165003472867,True
P01463,51,Female,High,49.5,True,1,0.9894056178448373,0.9894056178448373,True
P03920,54,Other,Middle,71.9,False,0,0.05036756816819576,0.9496324318318042,True
P04544,46,Other,Low,88.0,False,0,0.009108863577917794,0.9908911364220822,True
P03461,80,Other,Middle,68.0,True,1,0.9368022349286392,0.9368022349286392,True
P01513,44,Other,High,89.1,False,0,0.007280931124721774,0.9927190688752783,True
P02483,84,Male,Middle,58.7,True,1,0.986566916134742,0.986566916134742,True
P04138,60,Other,Middle,72.2,False,0,0.037991298901206644,0.9620087010987933,True
P01862,67,Other,High,88.7,False,0,0.010085326554166869,0.9899146734458332,True
P04616,50,Other,Middle,84.6,False,0,0.008738564490587967,0.991261435509412,True
P01574,34,Male,Middle,93.8,False,0,0.005218007086671942,0.994781992913328,True
P00066,75,Female,Middle,48.0,True,1,0.9694464254994504,0.9694464254994504,True
P02179,85,Other,Middle,38.3,True,1,0.9953296074553141,0.9953296074553141,True
P01320,52,Male,Low,78.4,False,0,0.012602024518528867,0.9873979754814711,True
P04508,58,Other,Low,51.8,True,1,0.9847666399406362,0.9847666399406362,True
P02288,51,Male,Low,83.0,False,0,0.0077261388875997,0.9922738611124003,True
P01114,62,Male,High,51.9,True,1,0.9879353053964927,0.9879353053964927,True
P04153,56,Male,Low,70.3,False,0,0.04511345069102615,0.9548865493089739,True
P02253,33,Other,Middle,96.8,False,0,0.005643796549203951,0.994356203450796,True
P00983,40,Male,Middle,65.5,True,1,0.9793039136168792,0.9793039136168792,True
P01067,35,Male,Low,85.6,False,0,0.009038285669096804,0.9909617143309032,True
P02689,66,Male,Middle,74.4,False,0,0.044560586372817325,0.9554394136271827,True
P04886,47,Male,High,62.5,True,1,0.9670997913843701,0.9670997913843701,True
P02450,44,Other,Low,66.4,True,1,0.9709546753816082,0.9709546753816082,True
P04724,50,Male,Low,73.1,False,0,0.03914516847312895,0.960854831526871,True
P04635,44,Female,Middle,71.0,False,0,0.059625959794098224,0.9403740402059018,True
P02229,27,Other,Middle,72.1,False,0,0.05602993569883219,0.9439700643011678,True
P03429,61,Male,Low,80.6,False,0,0.0071659188203512005,0.9928340811796488,True
P04300,43,Male,Low,85.2,False,0,0.011525577759618447,0.9884744222403815,True
P02662,41,Female,Low,58.5,True,1,0.9604649813755503,0.9604649813755503,True
P02892,23,Female,Low,45.6,True,1,0.9844061746511305,0.9844061746511305,True
P00890,71,Female,Middle,100.0,False,0,0.00452282638605646,0.9954771736139435,True
P02953,62,Female,Middle,63.8,True,1,0.9605849375393999,0.9605849375393999,True
P04136,49,Male,Middle,88.1,False,0,0.0071674109447715986,0.9928325890552284,True
P04346,55,Male,Low,39.1,True,1,0.9939189631750867,0.9939189631750867,True
P04690,47,Male,High,98.4,False,0,0.004185551542994716,0.9958144484570053,True
P01852,81,Male,Middle,72.7,False,0,0.034162535666255385,0.9658374643337446,True
P04906,68,Male,Middle,70.6,False,0,0.04318983429368767,0.9568101657063124,True
P03879,32,Male,Middle,83.1,False,0,0.00994781749036796,0.990052182509632,True
P00724,66,Female,Middle,63.2,True,1,0.961237027260798,0.961237027260798,True
P01610,51,Female,Low,88.1,False,0,0.00808967291130004,0.9919103270887,True
P04615,55,Other,High,91.9,False,0,0.0058441997898213485,0.9941558002101787,True
P02364,71,Female,Middle,87.0,False,0,0.009703577907492043,0.990296422092508,True
P00874,44,Female,Middle,61.4,True,1,0.9733803270007975,0.9733803270007975,True
P00438,34,Male,Low,57.3,True,1,0.9454745136693447,0.9454745136693447,True
P03187,37,Male,Low,81.2,False,0,0.012029400697676758,0.9879705993023232,True
P00601,66,Male,Middle,89.5,False,0,0.008733751675077594,0.9912662483249224,True
P04949,49,Other,Middle,70.0,True,1,0.9404386210200204,0.9404386210200204,True
P04391,62,Male,Middle,55.1,True,1,0.9845454880285291,0.9845454880285291,True
P04219,59,Male,Middle,86.5,False,0,0.01366564383181529,0.9863343561681847,True
P02459,62,Male,Low,100.0,False,0,0.004425269775229439,0.9955747302247706,True
P03138,39,Other,Middle,84.4,False,0,0.009485433380994238,0.9905145666190057,True
P00223,65,Female,Middle,73.4,False,0,0.03979156906399606,0.9602084309360039,True
P01931,36,Other,Middle,75.2,False,0,0.023343250886457795,0.9766567491135422,True
P04917,70,Other,Low,60.1,True,1,0.9829088105127937,0.9829088105127937,True
P01745,41,Other,Low,71.3,False,0,0.029696031263442217,0.9703039687365578,True
P02666,34,Male,Low,57.3,True,1,0.960317007988009,0.960317007988009,True
P04031,67,Other,Middle,64.0,True,1,0.9634876049874241,0.9634876049874241,True
P02605,45,Other,High,55.7,True,1,0.9833267547142287,0.9833267547142287,True
P00718,57,Male,Low,75.8,False,0,0.01875586979038723,0.9812441302096128,True
P02071,69,Other,Low,69.6,True,1,0.946424164953365,0.946424164953365,True
P02573,50,Female,Middle,49.9,True,1,0.9864821229287476,0.9864821229287476,True
P02132,55,Other,Middle,94.9,False,0,0.0067145873966309305,0.9932854126033691,True
P02760,64,Male,Middle,70.4,False,0,0.041597279638130924,0.958402720361869,True
P03538,42,Female,Middle,97.2,False,0,0.004964764877528864,0.9950352351224712,True
P02769,47,Male,Middle,81.2,False,0,0.012231164809869204,0.9877688351901308,True
P00087,68,Female,Low,92.6,False,0,0.005919289762774935,0.9940807102372251,True
P02818,60,Other,Middle,92.5,False,0,0.00660902453637697,0.993390975463623,True
P01210,81,Female,Low,65.9,True,1,0.9781112072766144,0.9781112072766144,True
P04375,69,Male,Middle,55.0,True,1,0.9617049316639137,0.9617049316639137,True
P01607,56,Female,Middle,86.3,False,0,0.015097458694675214,0.9849025413053247,True
P04828,66,Other,Low,58.2,True,1,0.9734572557508563,0.9734572557508563,True
P04433,58,Female,High,63.3,True,1,0.9727563974658314,0.9727563974658314,True
P04740,65,Female,Low,53.3,True,1,0.9769151404063794,0.9769151404063794,True
P01703,64,Other,Middle,79.4,False,0,0.00995141364019373,0.9900485863598063,True
P01584,55,Female,Middle,75.0,False,0,0.0193611728392582,0.9806388271607418,True
P02679,56,Male,Middle,73.0,False,0,0.058474382466332596,0.9415256175336674,True
P02038,47,Female,Middle,72.2,False,0,0.05553565722626739,0.9444643427737326,True
P02738,60,Female,Low,46.5,True,1,0.9846142776349825,0.9846142776349825,True
P01231,46,Female,Middle,86.8,False,0,0.011420659406193861,0.9885793405938061,True
P03883,27,Female,High,78.9,False,0,0.011603606778805408,0.9883963932211945,True
P01297,68,Male,High,73.1,False,0,0.051449852094499045,0.948550147905501,True
P03722,80,Male,Low,55.2,True,1,0.9780149522785012,0.9780149522785012,True
P00582,48,Male,Low,70.6,False,0,0.03980384624215548,0.9601961537578445,True
P04471,59,Other,Middle,91.6,False,0,0.007427100459801089,0.9925728995401989,True
P00847,59,Female,Middle,74.2,False,0,0.05365885182090513,0.9463411481790949,True
P03725,45,Female,Low,66.6,True,1,0.9389878042276301,0.9389878042276301,True
P01795,58,Other,Low,89.4,False,0,0.00812282649087451,0.9918771735091255,True
P01452,80,Female,Middle,72.2,False,0,0.034794605294362214,0.9652053947056378,True
P01436,59,Male,Middle,78.2,False,0,0.015344027605162236,0.9846559723948378,True
P02577,76,Male,Middle,59.4,True,1,0.9366147663297377,0.9366147663297377,True
P01011,74,Other,High,72.7,False,0,0.04779730366708342,0.9522026963329165,True
P00978,18,Male,Middle,69.9,True,1,0.9528420973862268,0.9528420973862268,True
P01024,87,Female,Middle,70.4,False,0,0.05797516340662659,0.9420248365933734,True
P02896,90,Female,High,75.4,False,0,0.020498190452528507,0.9795018095474715,True
P00862,32,Other,Middle,78.5,False,0,0.014802454437479745,0.9851975455625203,True
P01849,69,Other,Low,64.0,True,1,0.9540685265642733,0.9540685265642733,True
P02322,66,Male,High,83.3,False,0,0.015347676970771622,0.9846523230292283,True
P02305,84,Other,Low,47.1,True,1,0.9852120805019782,0.9852120805019782,True
P00429,70,Female,High,88.3,False,0,0.008641263291727581,0.9913587367082725,True
P01791,26,Other,Low,59.2,True,1,0.9570159548156039,0.9570159548156039,True
P01965,63,Other,Low,74.2,False,0,0.025937389375783926,0.9740626106242161,True
P00062,52,Male,Middle,94.3,False,0,0.00570544909311288,0.9942945509068871,True
P02463,62,Female,High,75.3,False,0,0.017835649138132563,0.9821643508618675,True
P02309,63,Male,Middle,100.0,False,0,0.005180858862587325,0.9948191411374127,True
P01851,45,Male,Middle,76.8,False,0,0.010841267107857032,0.989158732892143,True
P03739,49,Male,Low,70.9,False,0,0.04355131430182872,0.9564486856981713,True
P04210,38,Male,Low,55.6,True,1,0.9851218815762987,0.9851218815762987,True
P00785,63,Female,Middle,78.1,False,0,0.010784078409842163,0.9892159215901578,True
P00947,32,Male,High,95.0,False,0,0.005463521473838295,0.9945364785261617,True
P04759,45,Other,Middle,82.9,False,0,0.0129387647565982,0.9870612352434018,True
P04806,31,Other,High,75.2,False,0,0.021245183587849985,0.97875481641215,True
P01192,34,Male,Middle,79.4,False,0,0.018908326776377216,0.9810916732236228,True
P02396,33,Male,Middle,74.1,False,0,0.049732597475611914,0.9502674025243881,True
P04409,63,Female,Middle,73.6,False,0,0.02587092770466555,0.9741290722953344,True
P01475,43,Male,Low,80.3,False,0,0.010472282780484987,0.989527717219515,True
P04839,75,Male,Middle,62.6,True,1,0.9584124950154709,0.9584124950154709,True
P02406,75,Male,Middle,88.5,False,0,0.009537748654753183,0.9904622513452468,True
P02898,80,Other,Low,57.8,True,1,0.9757129195186437,0.9757129195186437,True
P01342,55,Female,High,68.3,True,1,0.9312569322071755,0.9312569322071755,True
P02281,29,Male,High,70.3,False,0,0.04888835967467129,0.9511116403253287,True
P03046,24,Male,Low,61.5,True,1,0.9495721899950219,0.9495721899950219,True
P04496,80,Other,Middle,72.0,False,0,0.052551154687512855,0.9474488453124872,True
P00968,82,Other,Middle,81.7,False,0,0.012145075370534764,0.9878549246294652,True
P01103,86,Male,Middle,81.7,False,0,0.01124316578880229,0.9887568342111978,True
P04718,72,Other,Low,77.3,False,0,0.02111716970993102,0.978882830290069,True
P02210,54,Other,High,85.1,False,0,0.009135556308102394,0.9908644436918976,True
P02348,42,Female,Middle,69.9,True,1,0.9543399144514041,0.9543399144514041,True
P02772,43,Male,High,99.4,False,0,0.00515339092607367,0.9948466090739263,True
P03610,48,Other,Low,68.8,True,1,0.9351484810984968,0.9351484810984968,True
P01989,45,Male,Middle,74.3,False,0,0.04198639083895205,0.9580136091610479,True
P04002,54,Male,Middle,63.1,True,1,0.9658556988174928,0.9658556988174928,True
P03135,55,Female,Low,83.4,False,0,0.009459693469862106,0.9905403065301379,True
P01219,42,Other,Low,51.3,True,1,0.9761410420007821,0.9761410420007821,True
P03603,85,Female,Middle,77.0,False,0,0.01626917255944425,0.9837308274405557,True
P02300,32,Male,High,86.7,False,0,0.008389268865021013,0.991610731134979,True
P04627,44,Other,Middle,80.3,False,0,0.013009972939068725,0.9869900270609313,True
P00958,61,Female,Middle,76.4,False,0,0.023370017692449365,0.9766299823075506,True
P04682,46,Male,Low,50.4,True,1,0.9865818569181045,0.9865818569181045,True
P03748,57,Male,Low,46.2,True,1,0.9921143288813452,0.9921143288813452,True
P02718,68,Female,High,85.5,False,0,0.008654094803682079,0.9913459051963179,True
P04576,51,Other,High,94.7,False,0,0.005411637252080033,0.99458836274792,True
P02750,51,Male,Middle,99.6,False,0,0.0036979665937656218,0.9963020334062344,True
P00608,36,Female,High,100.0,False,0,0.0041970691811404745,0.9958029308188595,True
P02903,46,Other,Low,58.3,True,1,0.9805683691573123,0.9805683691573123,True
P03528,86,Female,High,59.2,True,1,0.9805937202720338,0.9805937202720338,True
P04799,24,Other,Middle,85.5,False,0,0.011072304509914328,0.9889276954900856,True
P00746,44,Female,High,100.0,False,0,0.0056315451755326535,0.9943684548244673,True
P02776,50,Male,Middle,100.0,False,0,0.002838404248637568,0.9971615957513624,True
P00182,42,Other,Middle,96.3,False,0,0.0051582905246709875,0.994841709475329,True
P00508,42,Female,Middle,100.0,False,0,0.0037665782686558172,0.9962334217313442,True
P04344,70,Other,Low,47.9,True,1,0.9816832631716712,0.9816832631716712,True
P04561,38,Female,Middle,83.7,False,0,0.010639770527843711,0.9893602294721563,True
P03398,77,Male,High,57.8,True,1,0.9700004274238222,0.9700004274238222,True
P04520,41,Male,Middle,55.9,True,1,0.9857297864784662,0.9857297864784662,True
P03842,44,Female,Middle,95.9,False,0,0.005190032425021261,0.9948099675749787,True
P04023,27,Other,Middle,76.1,False,0,0.015453390747882233,0.9845466092521178,True
P00359,59,Male,Low,51.6,True,1,0.9905108843065826,0.9905108843065826,True
P03070,65,Male,Middle,86.7,False,0,0.007795892921076651,0.9922041070789234,True
P02398,39,Other,Middle,79.8,False,0,0.02178828518180602,0.978211714818194,True
P02622,66,Male,High,70.2,False,0,0.05178550862041314,0.9482144913795869,True
P04525,72,Male,Low,48.6,True,1,0.9832888452894162,0.9832888452894162,True
P04769,70,Female,High,82.6,False,0,0.010597979799215285,0.9894020202007847,True
P00892,62,Male,Low,65.8,True,1,0.9747891471240696,0.9747891471240696,True
P00307,74,Female,Middle,98.3,False,0,0.005658996539975784,0.9943410034600242,True
P00482,40,Female,Low,51.2,True,1,0.9768621475195852,0.9768621475195852,True
P04396,34,Male,Middle,71.8,False,0,0.040070329130474196,0.9599296708695259,True
P04855,72,Male,Low,53.2,True,1,0.9762367358124708,0.9762367358124708,True
P00114,90,Other,Middle,63.0,True,1,0.9633898497435853,0.9633898497435853,True
P00506,47,Other,High,100.0,False,0,0.0030688393540760106,0.996931160645924,True
P02134,63,Male,Middle,92.1,False,0,0.008421672127859929,0.9915783278721401,True
P04681,51,Female,Middle,100.0,False,0,0.0049944300597974675,0.9950055699402025,True
P01739,69,Male,High,99.1,False,0,0.0032113163347714355,0.9967886836652285,True
P00360,42,Male,Middle,100.0,False,0,0.00389508659170291,0.9961049134082971,True
P02678,31,Male,High,93.8,False,0,0.006975263419039772,0.9930247365809602,True
P03880,52,Other,High,78.5,False,0,0.011611949324619831,0.9883880506753802,True
P02476,65,Other,Middle,85.9,False,0,0.009222702732249396,0.9907772972677507,True
P00611,64,Female,Low,54.9,True,1,0.988331576439278,0.988331576439278,True
P01261,63,Female,Low,68.6,True,1,0.9351072341603317,0.9351072341603317,True
P03412,48,Other,Middle,93.5,False,0,0.006024090664809364,0.9939759093351906,True
P04819,64,Female,High,82.8,False,0,0.01356682111512676,0.9864331788848733,True
P00147,36,Other,Low,92.2,False,0,0.0043701811912053015,0.9956298188087948,True
P03801,34,Female,Middle,66.5,True,1,0.9223743388197864,0.9223743388197864,True
P03171,40,Male,Middle,53.9,True,1,0.986344234246676,0.986344234246676,True
P04376,64,Male,Low,74.2,False,0,0.04167657203236765,0.9583234279676324,True
P04937,55,Male,Middle,88.7,False,0,0.00906684151222629,0.9909331584877737,True
P00361,62,Other,Low,52.4,True,1,0.9802563582483039,0.9802563582483039,True
P01907,31,Other,Low,66.0,True,1,0.9349259545810727,0.9349259545810727,True
P01630,67,Other,Middle,68.5,True,1,0.9687054722950849,0.9687054722950849,True
P04327,46,Male,Middle,100.0,False,0,0.003124819225750662,0.9968751807742493,True
P03297,80,Male,High,83.6,False,0,0.011708463223777901,0.9882915367762221,True
P04719,65,Female,Low,59.4,True,1,0.9754961573550065,0.9754961573550065,True
P01453,58,Other,Middle,92.4,False,0,0.007130576881264205,0.9928694231187358,True
P00897,52,Female,Middle,100.0,False,0,0.0035433464127795065,0.9964566535872205,True
P02043,47,Other,Middle,70.0,True,1,0.9679487059730099,0.9679487059730099,True
P01500,63,Other,Middle,48.5,True,1,0.9913019459429845,0.9913019459429845,True
P04321,54,Other,Low,67.5,True,1,0.9627033575815386,0.9627033575815386,True
P02836,50,Other,Middle,75.5,False,0,0.01851572146259509,0.9814842785374049,True
P01738,38,Male,Middle,73.0,False,0,0.04959684145599117,0.9504031585440088,True
P04193,74,Other,Middle,73.8,False,0,0.053598996643590316,0.9464010033564096,True
P02656,67,Other,Low,60.4,True,1,0.9644524576115865,0.9644524576115865,True
P03100,63,Other,Low,63.0,True,1,0.9567853514001433,0.9567853514001433,True
P04875,45,Other,Middle,78.1,False,0,0.014392874682286791,0.9856071253177132,True
P01951,28,Female,Low,35.8,True,1,0.9904010529995229,0.9904010529995229,True
P03906,50,Other,Middle,71.0,False,0,0.06983803164313727,0.9301619683568627,True
P00159,37,Female,High,75.5,False,0,0.02167213745709461,0.9783278625429054,True
P00481,53,Male,Low,62.9,True,1,0.9559678719710618,0.9559678719710618,True
P01441,64,Other,Middle,78.7,False,0,0.019892781311049094,0.9801072186889509,True
P02160,63,Female,Middle,76.7,False,0,0.011773198554567791,0.9882268014454322,True
P01606,40,Other,Middle,94.8,False,0,0.0052875921631318394,0.9947124078368682,True
P03396,34,Female,Low,88.5,False,0,0.007867943172082345,0.9921320568279176,True
P01314,63,Female,Middle,80.8,False,0,0.011924825245038517,0.9880751747549614,True
P02989,38,Female,Middle,88.4,False,0,0.009531899689160492,0.9904681003108395,True
P02737,49,Other,Middle,70.8,False,0,0.03674166405847763,0.9632583359415223,True
P04827,56,Other,Middle,67.9,True,1,0.9671996681523072,0.9671996681523072,True
P01803,44,Male,Middle,87.9,False,0,0.005683003128788308,0.9943169968712117,True
P00184,62,Female,High,99.9,False,0,0.0033636912129628113,0.9966363087870372,True
P01812,57,Female,High,98.7,False,0,0.004307026208241487,0.9956929737917585,True
P04545,60,Female,Middle,69.0,True,1,0.9620099678156421,0.9620099678156421,True
P03178,47,Male,Middle,72.3,False,0,0.03436179162637099,0.965638208373629,True
P04549,61,Other,High,67.5,True,1,0.9696098911564919,0.9696098911564919,True
P00970,33,Female,Middle,65.1,True,1,0.9579016599998144,0.9579016599998144,True
P00965,53,Male,Low,72.1,False,0,0.049524662979731134,0.9504753370202689,True
P02646,43,Female,Low,57.3,True,1,0.9699269831684323,0.9699269831684323,True
P01450,55,Female,Middle,86.1,False,0,0.012255662615188309,0.9877443373848117,True
P02653,62,Male,Low,55.3,True,1,0.9829102861642484,0.9829102861642484,True
P00035,67,Male,Low,78.3,False,0,0.010913056394260625,0.9890869436057393,True
P03236,57,Female,Middle,66.4,True,1,0.9617349423734516,0.9617349423734516,True
P03028,61,Female,Low,35.8,True,1,0.9945114308831177,0.9945114308831177,True
P04907,47,Male,Middle,92.5,False,0,0.006165146707389028,0.993834853292611,True
P03984,38,Female,Low,53.7,True,1,0.9723996091343038,0.9723996091343038,True
P01882,79,Female,Middle,45.9,True,1,0.9910437739345223,0.9910437739345223,True
P03188,68,Female,Low,65.8,True,1,0.9659488101330378,0.9659488101330378,True
P02883,45,Female,High,48.1,True,1,0.9871787278547214,0.9871787278547214,True
P01856,44,Male,Low,53.2,True,1,0.9866168345419211,0.9866168345419211,True
P04535,66,Other,Middle,100.0,False,0,0.005155188285467747,0.9948448117145322,True
P04870,47,Female,Middle,78.5,False,0,0.012555055945303931,0.9874449440546961,True
P02755,53,Other,Middle,72.0,False,0,0.07145501552203622,0.9285449844779637,True
P00057,42,Female,High,93.1,False,0,0.005480879212658471,0.9945191207873415,True
P01765,51,Other,Middle,100.0,False,0,0.00483354291831975,0.9951664570816803,True
P01053,62,Female,Middle,100.0,False,0,0.004579072032293249,0.9954209279677068,True
P02161,38,Male,High,61.6,True,1,0.9675399554312881,0.9675399554312881,True
P02366,78,Other,Middle,70.1,False,0,0.05330493460766072,0.9466950653923393,True
P00816,32,Female,Low,74.3,False,0,0.03159538832491662,0.9684046116750834,True
P01339,49,Other,Middle,68.9,True,1,0.9522772681800487,0.9522772681800487,True
P00405,48,Other,High,100.0,False,0,0.005798146309366783,0.9942018536906332,True
P04343,84,Other,Middle,23.9,True,1,0.9980016975696158,0.9980016975696158,True
P00292,47,Female,Middle,71.0,False,0,0.046194274221012056,0.9538057257789879,True
P00581,60,Female,Low,90.2,False,0,0.004559187837204025,0.995440812162796,True
P02539,36,Male,Middle,81.8,False,0,0.01153241816688283,0.9884675818331172,True
P02956,81,Male,Low,81.5,False,0,0.012175310164261516,0.9878246898357385,True
P04349,40,Other,Low,79.8,False,0,0.013918837411999242,0.9860811625880007,True
P02139,36,Other,Middle,55.3,True,1,0.9773098077885224,0.9773098077885224,True
P03282,55,Other,Middle,87.8,False,0,0.00939368133407893,0.9906063186659211,True
P02503,50,Male,Low,77.4,False,0,0.014374175851036713,0.9856258241489633,True
P02536,50,Other,Low,73.6,False,0,0.02542022584673608,0.9745797741532639,True
P00472,20,Male,Middle,62.4,True,1,0.9131756543168857,0.9131756543168857,True
P04560,64,Other,High,75.5,False,0,0.02454456782896973,0.9754554321710303,True
P01442,72,Male,Low,68.5,True,1,0.9397528553663691,0.9397528553663691,True
P03016,70,Other,High,72.6,False,0,0.06829416978215476,0.9317058302178453,True
P01937,58,Female,Middle,60.3,True,1,0.9810102861372738,0.9810102861372738,True
P00108,57,Male,Middle,87.8,False,0,0.0068516871909644495,0.9931483128090356,True
P04744,61,Male,Middle,77.3,False,0,0.014621646561386011,0.985378353438614,True
P04296,32,Female,High,81.7,False,0,0.00888133569399719,0.9911186643060028,True
P03208,67,Male,Middle,71.7,False,0,0.06201128197892844,0.9379887180210715,True
P04748,38,Other,Middle,77.3,False,0,0.01730898718118137,0.9826910128188187,True
P00903,55,Other,Middle,54.2,True,1,0.9808829658934285,0.9808829658934285,True
P01744,72,Male,High,81.4,False,0,0.012288635135469612,0.9877113648645304,True
P03932,77,Female,Low,37.4,True,1,0.9965040677355007,0.9965040677355007,True
P02923,52,Female,Low,55.2,True,1,0.9727593974750114,0.9727593974750114,True
P02170,61,Other,Middle,81.1,False,0,0.014505114140882557,0.9854948858591175,True
P03378,40,Female,Low,49.5,True,1,0.9687597338647734,0.9687597338647734,True
P01695,56,Male,Middle,66.3,True,1,0.9540101753261413,0.9540101753261413,True
P04112,43,Other,Middle,71.1,False,0,0.05413142636375344,0.9458685736362465,True
P03950,35,Male,Middle,80.8,False,0,0.012999699331270124,0.9870003006687299,True
P03487,77,Female,Middle,60.4,True,1,0.9786947604573508,0.9786947604573508,True
P00613,59,Male,High,81.8,False,0,0.009790610202502652,0.9902093897974974,True
P00600,60,Female,Middle,92.2,False,0,0.006072030155156025,0.993927969844844,True
P00164,42,Other,Low,78.4,False,0,0.009202521965062792,0.9907974780349372,True
P01905,53,Male,Low,48.5,True,1,0.969848145533692,0.969848145533692,True
P00854,72,Male,Middle,91.8,False,0,0.006683498471019385,0.9933165015289807,True
P00374,69,Female,Low,74.8,False,0,0.04076223538729983,0.9592377646127002,True
P00596,47,Male,High,80.2,False,0,0.01394925492978138,0.9860507450702186,True
P02709,49,Female,Middle,62.8,True,1,0.9366511747623681,0.9366511747623681,True
P04836,56,Other,Middle,82.3,False,0,0.011953616210172699,0.9880463837898273,True
P01644,61,Male,Middle,75.6,False,0,0.014257861956363761,0.9857421380436362,True
P03448,42,Female,Low,58.0,True,1,0.9635726314708423,0.9635726314708423,True
P01941,59,Male,High,71.5,False,0,0.06786397811305858,0.9321360218869414,True
P00483,30,Female,Low,75.7,False,0,0.020276451069677164,0.9797235489303229,True
P02533,63,Female,Middle,86.4,False,0,0.0083294928504824,0.9916705071495175,True
P01345,69,Female,Middle,76.3,False,0,0.012716162237262983,0.987283837762737,True
P04387,44,Other,Middle,90.9,False,0,0.0059811501121961675,0.9940188498878039,True
P02083,33,Male,High,76.6,False,0,0.02226320158079545,0.9777367984192046,True
P03735,66,Female,Middle,68.7,True,1,0.9320685944669597,0.9320685944669597,True
P01438,79,Male,Low,47.8,True,1,0.9845543794287183,0.9845543794287183,True
P04024,66,Male,High,97.7,False,0,0.004519157948072863,0.9954808420519271,True
P01969,52,Male,High,100.0,False,0,0.004048573621590303,0.9959514263784097,True
P03581,86,Female,High,86.2,False,0,0.012859997698617802,0.9871400023013822,True
P04910,42,Other,Low,88.9,False,0,0.00622475589357697,0.993775244106423,True
P00079,56,Other,Middle,100.0,False,0,0.004152561098225126,0.9958474389017749,True
P02779,54,Male,Middle,100.0,False,0,0.005784640247498093,0.9942153597525019,True
P04869,57,Female,High,98.8,False,0,0.003274827718372572,0.9967251722816274,True
P01028,56,Other,Middle,65.2,True,1,0.9748026692857567,0.9748026692857567,True
P02290,76,Male,High,82.6,False,0,0.012091051397966308,0.9879089486020337,True
P03205,40,Male,High,90.2,False,0,0.009220827402409185,0.9907791725975909,True
P04057,76,Male,Low,95.7,False,0,0.0050128509233416906,0.9949871490766583,True
P03577,42,Male,Middle,91.2,False,0,0.00385178740515667,0.9961482125948433,True
P03392,42,Male,High,91.5,False,0,0.0065168698161798865,0.9934831301838201,True
P03393,53,Female,Low,58.9,True,1,0.9682419038937174,0.9682419038937174,True
P02446,58,Other,High,56.4,True,1,0.9789295759647652,0.9789295759647652,True
P02529,85,Female,High,84.5,False,0,0.008263696496973416,0.9917363035030266,True
P04677,65,Other,Middle,71.1,False,0,0.07747771013746928,0.9225222898625307,True
P00480,71,Other,Middle,68.2,True,1,0.9713799244888088,0.9713799244888088,True
P04701,40,Male,High,60.5,True,1,0.9669955750944335,0.9669955750944335,True
P03225,59,Other,Middle,47.2,True,1,0.9919120990303186,0.9919120990303186,True
P01284,69,Female,High,88.0,False,0,0.007706209314048793,0.9922937906859512,True
P00236,64,Female,Low,47.1,True,1,0.9809143914829166,0.9809143914829166,True
P04322,53,Male,Middle,81.4,False,0,0.014455746447810744,0.9855442535521892,True
P03216,81,Female,Low,58.0,True,1,0.9543277922226132,0.9543277922226132,True
P02520,42,Other,Middle,39.4,True,1,0.9936795230365429,0.9936795230365429,True
P02904,59,Male,Low,74.3,False,0,0.035127611955070324,0.9648723880449297,True
P00028,60,Other,Middle,71.5,False,0,0.04659312895986022,0.9534068710401398,True
P04981,37,Female,Low,59.7,True,1,0.9628615249543718,0.9628615249543718,True
P01594,68,Female,High,56.8,True,1,0.9899643132969327,0.9899643132969327,True
P02311,50,Male,Low,62.7,True,1,0.9766837223348666,0.9766837223348666,True
P04011,55,Male,Middle,54.7,True,1,0.9843708944221067,0.9843708944221067,True
P01474,55,Other,Middle,73.3,False,0,0.037510697247034305,0.9624893027529657,True
P00190,32,Female,Middle,90.9,False,0,0.006781530883906591,0.9932184691160935,True
P00330,64,Male,Middle,35.6,True,1,0.9939038000837984,0.9939038000837984,True
P00238,57,Male,Middle,75.8,False,0,0.012952664835835388,0.9870473351641647,True
